{"avrSD":528.5909090909091,"min":101.0,"max":995.0,"sumSD":11629.0,"sumMD":12213.0,"sum":257271.0,"avrMD":555.1363636363636,"avr":531.551652892562}